x,fails,solutions,tot time,backtrack time,revise time
3,2,4,0.000157,0.000009,0.000061
4,16,4,0.000860,0.000044,0.000710
5,52,8,0.002794,0.000210,0.002277
6,154,24,0.015847,0.001428,0.013080
7,664,32,0.078835,0.005446,0.067243
8,2636,40,0.370936,0.021882,0.327763
9,11450,120,2.206744,0.135895,1.951810
10,100610,296,24.220827,1.412298,21.624164
11,502014,648,170.590011,9.136890,154.461097
