x,fails,solutions,tot time,backtrack time,revise backtrack
1,2,4,0.000114,0.000010,0.000037
2,16,4,0.000307,0.000070,0.000146
3,52,8,0.001769,0.000502,0.000782
4,154,24,0.008022,0.002359,0.004733
5,664,32,0.053559,0.013066,0.034775
6,2636,40,0.268518,0.061056,0.172282
7,11450,120,1.246226,0.281977,0.839629
8,100610,296,12.455376,2.924558,8.329152
9,502014,648,75.966905,17.918320,51.308945
