x,fails,solutions,tot time,backtrack time,revise time
3,2,4,0.000108,0.000014,0.000031
4,16,4,0.000295,0.000063,0.000136
5,52,8,0.001721,0.000296,0.001163
6,154,24,0.010762,0.002186,0.006491
7,664,32,0.043417,0.010614,0.026982
8,2636,40,0.211161,0.053543,0.132538
9,11450,120,1.108953,0.265404,0.731115
10,100610,296,12.376379,2.900455,8.265204
11,502014,648,81.731120,19.318634,55.322336
