x,fails,solutions,tot time,backtrack time,revise backtrack
1,2,4,0.000224,0.000009,0.000140
2,16,4,0.001725,0.000482,0.001007
3,52,8,0.005336,0.000142,0.004897
4,154,24,0.030386,0.000602,0.028719
5,664,32,0.150163,0.002213,0.143789
6,2636,40,0.874308,0.013321,0.839540
7,11450,120,4.010222,0.049639,3.875214
8,100610,296,40.477075,0.481588,39.143337
9,502014,648,255.630477,2.645546,248.322584
