x,fails,solutions,tot time,backtrack time,revise time
3,2,4,0.000192,0.000008,0.000131
4,16,4,0.001282,0.000245,0.000930
5,52,8,0.005902,0.000174,0.005431
6,154,24,0.030713,0.000665,0.028933
7,664,32,0.162208,0.002617,0.154823
8,2636,40,0.756209,0.009140,0.730097
9,11450,120,4.186883,0.054241,4.041381
10,100610,296,40.786280,0.481823,39.447263
11,502014,648,257.071176,2.577261,249.871826
