x,fails,solutions,tot time,backtrack time,revise backtrack
1,2,4,0.000144,0.000010,0.000090
2,16,4,0.001082,0.000053,0.000892
3,52,8,0.003561,0.000200,0.003063
4,154,24,0.019368,0.001427,0.016677
5,664,32,0.105103,0.005464,0.094483
6,2636,40,0.657892,0.033768,0.595013
7,11450,120,3.324382,0.153839,3.040160
8,100610,296,36.297054,1.653579,33.349205
9,502014,648,237.257426,9.463620,220.410111
