x,fails,solutions,tot time,backtrack time,revise time
3,0,1,0.000038,0.000000,0.000000
4,0,2,0.000051,0.000000,0.000005
5,2,4,0.000153,0.000006,0.000089
6,8,4,0.000892,0.000046,0.000527
7,32,8,0.003648,0.000336,0.003035
8,108,24,0.013768,0.000815,0.012131
9,424,32,0.057235,0.002634,0.051215
10,1784,40,0.236658,0.011093,0.212549
11,7636,120,1.269078,0.057899,1.149337
12,35186,296,6.882091,0.314366,6.247287
13,364312,648,89.493557,3.935604,81.854224
