x,fails,solutions,tot time,backtrack time,revise time
3,2,4,0.000171,0.000010,0.000085
4,16,4,0.000529,0.000036,0.000382
5,52,8,0.003121,0.000227,0.002630
6,154,24,0.018294,0.001323,0.015503
7,664,32,0.079351,0.004352,0.070324
8,2636,40,0.339107,0.015511,0.306793
9,11450,120,1.930337,0.089452,1.753178
10,100610,296,19.145181,0.843990,17.444077
11,502014,648,115.172587,4.983683,105.498969
