x,fails,solutions,tot time,backtrack time,revise backtrack
1,0,6,0.000071,0.000001,0.000011
2,0,6,0.000057,0.000001,0.000008
3,2,10,0.000247,0.000012,0.000163
4,18,4,0.000537,0.000031,0.000412
5,36,40,0.002073,0.000134,0.001722
6,186,92,0.009831,0.000609,0.008660
7,748,352,0.041445,0.002665,0.036319
8,5006,724,0.247292,0.013525,0.223054
9,28544,2680,1.420717,0.075359,1.289479
10,157524,14200,8.351705,0.433672,7.613291
