x,fails,solutions,tot time,backtrack time,revise time
3,0,6,0.000078,0.000002,0.000011
4,0,6,0.000069,0.000000,0.000012
5,2,10,0.000332,0.000009,0.000226
6,18,4,0.000575,0.000014,0.000469
7,36,40,0.002594,0.000082,0.002283
8,186,92,0.008394,0.000210,0.007660
9,748,352,0.037990,0.001032,0.034930
10,5006,724,0.206592,0.004500,0.192894
11,28544,2680,1.155020,0.024410,1.080829
12,157524,14200,7.511098,0.150105,7.067345
13,878792,73712,38.873457,0.771129,36.558033
