x,fails,solutions,tot time,backtrack time,revise backtrack
1,0,6,0.000100,0.000000,0.000011
2,0,6,0.000078,0.000002,0.000010
3,2,10,0.000311,0.000016,0.000225
4,18,4,0.001455,0.000099,0.001188
5,36,40,0.004395,0.000363,0.003682
6,186,92,0.020162,0.001439,0.018016
7,748,352,0.101190,0.006299,0.092228
8,5006,724,0.726156,0.040176,0.670975
9,28544,2680,5.013681,0.277750,4.648663
10,157524,14200,33.246132,1.684124,31.078586
