x,fails,solutions,tot time,backtrack time,revise time
3,0,6,0.000099,0.000002,0.000010
4,0,6,0.000076,0.000002,0.000007
5,2,10,0.000154,0.000026,0.000065
6,18,4,0.000401,0.000081,0.000207
7,36,40,0.001309,0.000253,0.000884
8,186,92,0.006299,0.001326,0.004409
9,748,352,0.032738,0.007156,0.023245
10,5006,724,0.187014,0.042398,0.130687
11,28544,2680,1.016161,0.225993,0.721725
12,157524,14200,6.043175,1.361673,4.293695
13,878792,73712,37.020203,8.286537,26.506485
